ALLELE_COUNT,ALLELE
6,BOLA10181|BoLA-DRB3*024:33|267
5,BOLA03100|BoLA-DRB3*001:01|554
5,BOLA03135|BoLA-DRB3*021:01|325
5,BOLA03154|BoLA-DRB3*031:01|654
4,BOLA03110|BoLA-DRB3*007:01|270
4,BOLA03242|BoLA-DRB3*031:03|270
4,BOLA03284|BoLA-DRB3*024:03|268
4,BOLA07782|BoLA-DRB3*068:01|269
4,BOLA09804|BoLA-DRB3*027:18|268
4,BOLA09815|BoLA-DRB3*028:03|268
4,BOLA09901|BoLA-DRB3*086:03|269
4,BOLA10173|BoLA-DRB3*007:07|269
3,BOLA03104|BoLA-DRB3*003:02:01|270
3,BOLA03106|BoLA-DRB3*005:01|260
3,BOLA03117|BoLA-DRB3*012:01|270
3,BOLA03225|BoLA-DRB3*051:01|269
3,BOLA03241|BoLA-DRB3*064:01|270
3,BOLA03288|BoLA-DRB3*027:09|270
3,BOLA07784|BoLA-DRB3*031:04|269
2,BOLA03108|BoLA-DRB3*005:03|270
2,BOLA03109|BoLA-DRB3*006:01|250
2,BOLA03116|BoLA-DRB3*011:01|270
2,BOLA03119|BoLA-DRB3*013:01|270
2,BOLA03132|BoLA-DRB3*020:01:02|268
2,BOLA03143|BoLA-DRB3*027:01|237
2,BOLA03152|BoLA-DRB3*030:01|250
2,BOLA03156|BoLA-DRB3*032:02|260
2,BOLA03273|BoLA-DRB3*011:03|249
2,BOLA09190|BoLA-DRB3*020:08|270
2,BOLA09801|BoLA-DRB3*011:02|270
2,BOLA09805|BoLA-DRB3*024:31|268
2,BOLA09816|BoLA-DRB3*022:04|268
2,BOLA09823|BoLA-DRB3*011:06|268
2,BOLA09870|BoLA-DRB3*002:02|257
2,BOLA09875|BoLA-DRB3*024:08|269
2,BOLA09909|BoLA-DRB3*100:01|269
2,BOLA09950|BoLA-DRB3*094:03|269
2,BOLA09978|BoLA-DRB3*100:05|269
2,BOLA10006|BoLA-DRB3*013:04|269
2,BOLA10051|BoLA-DRB3*154:01|269
2,BOLA10171|BoLA-DRB3*017:07|267
1,BOLA03102|BoLA-DRB3*002:01|267
1,BOLA03105|BoLA-DRB3*004:01|270
1,BOLA03107|BoLA-DRB3*005:02|270
1,BOLA03111|BoLA-DRB3*008:01|270
1,BOLA03112|BoLA-DRB3*009:01|270
1,BOLA03113|BoLA-DRB3*009:02|270
1,BOLA03114|BoLA-DRB3*010:01|270
1,BOLA03120|BoLA-DRB3*014:01:01|270
1,BOLA03121|BoLA-DRB3*014:01:02|249
1,BOLA03122|BoLA-DRB3*015:01|270
1,BOLA03123|BoLA-DRB3*015:02|237
1,BOLA03124|BoLA-DRB3*016:01|801
1,BOLA03125|BoLA-DRB3*017:01|270
1,BOLA03128|BoLA-DRB3*018:01|270
1,BOLA03136|BoLA-DRB3*022:01|326
1,BOLA03137|BoLA-DRB3*022:02|250
1,BOLA03140|BoLA-DRB3*025:01:01|250
1,BOLA03146|BoLA-DRB3*027:04|250
1,BOLA03149|BoLA-DRB3*028:01|325
1,BOLA03150|BoLA-DRB3*028:02|270
1,BOLA03151|BoLA-DRB3*029:01|250
1,BOLA03163|BoLA-DRB3*038:01|234
1,BOLA03165|BoLA-DRB3*040:01|249
1,BOLA03235|BoLA-DRB3*059:01|270
1,BOLA03239|BoLA-DRB3*062:01|270
1,BOLA03243|BoLA-DRB3*065:01|270
1,BOLA03246|BoLA-DRB3*064:02|270
1,BOLA03268|BoLA-DRB3*030:22|236
1,BOLA03283|BoLA-DRB3*024:02|249
1,BOLA03287|BoLA-DRB3*027:08|250
1,BOLA03289|BoLA-DRB3*027:10|270
1,BOLA03291|BoLA-DRB3*032:03|249
1,BOLA03296|BoLA-DRB3*044:01|270
1,BOLA03298|BoLA-DRB3*046:01:01|249
1,BOLA03299|BoLA-DRB3*047:01|249
1,BOLA03300|BoLA-DRB3*048:01|236
1,BOLA03303|BoLA-DRB3*050:01|236
1,BOLA07777|BoLA-DRB3*009:03|269
1,BOLA07781|BoLA-DRB3*067:01|269
1,BOLA07783|BoLA-DRB3*069:01|269
1,BOLA07803|BoLA-DRB3*071:01|269
1,BOLA09800|BoLA-DRB3*007:05|270
1,BOLA09807|BoLA-DRB3*027:19|268
1,BOLA09809|BoLA-DRB3*024:05|268
1,BOLA09814|BoLA-DRB3*074:01|268
1,BOLA09820|BoLA-DRB3*075:03|268
1,BOLA09825|BoLA-DRB3*018:03|268
1,BOLA09874|BoLA-DRB3*082:01|269
1,BOLA09880|BoLA-DRB3*085:01|269
1,BOLA09887|BoLA-DRB3*085:02|269
1,BOLA09888|BoLA-DRB3*021:02|269
1,BOLA09890|BoLA-DRB3*089:01|269
1,BOLA09894|BoLA-DRB3*091:01|269
1,BOLA09898|BoLA-DRB3*094:01|269
1,BOLA09918|BoLA-DRB3*107:01|269
1,BOLA09920|BoLA-DRB3*107:02|269
1,BOLA09924|BoLA-DRB3*005:05|269
1,BOLA09925|BoLA-DRB3*108:01|269
1,BOLA09933|BoLA-DRB3*009:04|269
1,BOLA09942|BoLA-DRB3*032:04|269
1,BOLA09943|BoLA-DRB3*027:12|269
1,BOLA09945|BoLA-DRB3*087:03|269
1,BOLA09948|BoLA-DRB3*100:02|269
1,BOLA09957|BoLA-DRB3*116:01|269
1,BOLA09962|BoLA-DRB3*100:03|269
1,BOLA09964|BoLA-DRB3*105:02|269
1,BOLA09972|BoLA-DRB3*100:04|269
1,BOLA09974|BoLA-DRB3*086:04|269
1,BOLA09985|BoLA-DRB3*024:23|269
1,BOLA09986|BoLA-DRB3*013:03|269
1,BOLA09993|BoLA-DRB3*022:10|269
1,BOLA09996|BoLA-DRB3*100:08|269
1,BOLA10027|BoLA-DRB3*007:04|269
1,BOLA10046|BoLA-DRB3*149:01|269
1,BOLA10052|BoLA-DRB3*154:02|269
1,BOLA10056|BoLA-DRB3*158:01|269
1,BOLA10170|BoLA-DRB3*017:06|270
1,BOLA10180|BoLA-DRB3*012:04|270
1,BOLA10182|BoLA-DRB3*168:01|267
197,
